<?xml version="1.0" standalone="yes"?>
<NewDataSet>
  <xs:schema id="NewDataSet" xmlns="" xmlns:xs="http://www.w3.org/2001/XMLSchema" xmlns:msdata="urn:schemas-microsoft-com:xml-msdata">
    <xs:element name="NewDataSet" msdata:IsDataSet="true" msdata:MainDataTable="ExportedData" msdata:Locale="en-US">
      <xs:complexType>
        <xs:choice minOccurs="0" maxOccurs="unbounded">
          <xs:element name="ExportedData" msdata:CaseSensitive="False" msdata:Locale="en-US">
            <xs:complexType>
              <xs:sequence>
                <xs:element name="SpeciesId" type="xs:int" minOccurs="0" />
                <xs:element name="Name" type="xs:string" minOccurs="0" />
                <xs:element name="Category" type="xs:string" minOccurs="0" />
                <xs:element name="ConservationStatus" type="xs:string" minOccurs="0" />
              </xs:sequence>
            </xs:complexType>
          </xs:element>
        </xs:choice>
      </xs:complexType>
    </xs:element>
  </xs:schema>
  <ExportedData>
    <SpeciesId>20</SpeciesId>
    <Name>White Oak</Name>
    <Category>Plant</Category>
    <ConservationStatus>Least Concern</ConservationStatus>
  </ExportedData>
  <ExportedData>
    <SpeciesId>120</SpeciesId>
    <Name>Eastern Bluebird</Name>
    <Category>Bird</Category>
    <ConservationStatus>Least Concern</ConservationStatus>
  </ExportedData>
  <ExportedData>
    <SpeciesId>200</SpeciesId>
    <Name>Eastern Screech Owl</Name>
    <Category>Bird</Category>
    <ConservationStatus>Least Concern</ConservationStatus>
  </ExportedData>
  <ExportedData>
    <SpeciesId>201</SpeciesId>
    <Name>Eastern Bluebird</Name>
    <Category>Bird</Category>
    <ConservationStatus>Least Concern</ConservationStatus>
  </ExportedData>
  <ExportedData>
    <SpeciesId>202</SpeciesId>
    <Name>Tufted Titmouse</Name>
    <Category>Bird</Category>
    <ConservationStatus>Least Concern</ConservationStatus>
  </ExportedData>
  <ExportedData>
    <SpeciesId>203</SpeciesId>
    <Name>Eastern Gray Squirrel</Name>
    <Category>Mammal</Category>
    <ConservationStatus>Least Concern</ConservationStatus>
  </ExportedData>
  <ExportedData>
    <SpeciesId>204</SpeciesId>
    <Name>Eastern Cottontail</Name>
    <Category>Mammal</Category>
    <ConservationStatus>Least Concern</ConservationStatus>
  </ExportedData>
  <ExportedData>
    <SpeciesId>205</SpeciesId>
    <Name>American Black Bear</Name>
    <Category>Mammal</Category>
    <ConservationStatus>Least Concern</ConservationStatus>
  </ExportedData>
  <ExportedData>
    <SpeciesId>206</SpeciesId>
    <Name>Gray Fox</Name>
    <Category>Mammal</Category>
    <ConservationStatus>Least Concern</ConservationStatus>
  </ExportedData>
  <ExportedData>
    <SpeciesId>207</SpeciesId>
    <Name>Eastern Coyote</Name>
    <Category>Mammal</Category>
    <ConservationStatus>Least Concern</ConservationStatus>
  </ExportedData>
  <ExportedData>
    <SpeciesId>208</SpeciesId>
    <Name>Common Raccoon</Name>
    <Category>Mammal</Category>
    <ConservationStatus>Least Concern</ConservationStatus>
  </ExportedData>
  <ExportedData>
    <SpeciesId>209</SpeciesId>
    <Name>Eastern Chipmunk</Name>
    <Category>Mammal</Category>
    <ConservationStatus>Least Concern</ConservationStatus>
  </ExportedData>
  <ExportedData>
    <SpeciesId>220</SpeciesId>
    <Name>White-tailed Deer</Name>
    <Category>Mammal</Category>
    <ConservationStatus>Least Concern</ConservationStatus>
  </ExportedData>
  <ExportedData>
    <SpeciesId>320</SpeciesId>
    <Name>Red Fox</Name>
    <Category>Mammal</Category>
    <ConservationStatus>Least Concern</ConservationStatus>
  </ExportedData>
  <ExportedData>
    <SpeciesId>420</SpeciesId>
    <Name>Eastern Cottontail</Name>
    <Category>Mammal</Category>
    <ConservationStatus>Least Concern</ConservationStatus>
  </ExportedData>
</NewDataSet>